weight,overall_acc,macro_f1,balanced_acc,worst_class_acc,target_acc,base_acc,target_to_base_rate
0.050,66.02,65.90,66.03,6.67,42.86,71.79,17.14
0.100,65.98,65.97,66.04,10.00,42.14,75.21,18.57
0.125,66.02,66.04,66.09,10.00,42.86,76.07,17.86
0.135,66.12,66.10,66.17,6.67,41.43,77.78,22.14
0.145,66.03,66.04,66.12,10.00,40.71,76.92,20.71
0.150,65.74,65.72,65.80,6.67,44.29,77.78,17.86
0.155,66.00,65.99,66.07,10.00,42.86,77.78,18.57
0.165,65.77,65.77,65.87,10.00,40.71,77.78,22.86
0.175,65.64,65.64,65.68,6.67,43.57,74.36,18.57
