class_id,class_name,group,samples,accuracy_baseline,accuracy_dcgfs,accuracy_delta,f1_baseline,f1_dcgfs,f1_delta
1,Black footed Albatross,普通非配对类,30,63.33,46.67,-16.67,46.34,49.12,2.78
2,Laysan Albatross,普通非配对类,30,66.67,66.67,0.0,75.47,67.8,-7.68
3,Sooty Albatross,普通非配对类,28,17.86,53.57,35.71,29.41,56.6,27.19
4,Groove billed Ani,普通非配对类,30,80.0,76.67,-3.33,58.54,62.16,3.63
5,Crested Auklet,普通非配对类,14,78.57,71.43,-7.14,66.67,66.67,-0.0
6,Least Auklet,普通非配对类,11,90.91,81.82,-9.09,95.24,85.71,-9.52
7,Parakeet Auklet,普通非配对类,23,86.96,95.65,8.7,80.0,95.65,15.65
8,Rhinoceros Auklet,普通非配对类,18,44.44,38.89,-5.56,55.17,50.0,-5.17
9,Brewer Blackbird,普通非配对类,29,34.48,37.93,3.45,38.46,43.14,4.68
10,Red winged Blackbird,普通非配对类,30,73.33,76.67,3.33,75.86,73.02,-2.85
11,Rusty Blackbird,普通非配对类,30,30.0,40.0,10.0,37.5,46.15,8.65
12,Yellow headed Blackbird,普通非配对类,26,76.92,84.62,7.69,85.11,88.0,2.89
13,Bobolink,普通非配对类,30,60.0,76.67,16.67,72.0,79.31,7.31
14,Indigo Bunting,普通非配对类,30,66.67,80.0,13.33,66.67,75.0,8.33
15,Lazuli Bunting,自动基座类,28,82.14,92.86,10.71,76.67,77.61,0.95
16,Painted Bunting,普通非配对类,28,78.57,85.71,7.14,81.48,92.31,10.83
17,Cardinal,普通非配对类,27,88.89,81.48,-7.41,85.71,83.02,-2.7
18,Spotted Catbird,普通非配对类,15,73.33,86.67,13.33,75.86,89.66,13.79
19,Gray Catbird,普通非配对类,29,55.17,75.86,20.69,65.31,74.58,9.27
20,Yellow breasted Chat,普通非配对类,29,68.97,62.07,-6.9,70.18,72.0,1.82
21,Eastern Towhee,普通非配对类,30,76.67,80.0,3.33,77.97,84.21,6.24
22,Chuck will Widow,普通非配对类,26,23.08,53.85,30.77,35.29,58.33,23.04
23,Brandt Cormorant,普通非配对类,29,41.38,51.72,10.34,34.78,32.97,-1.82
24,Red faced Cormorant,普通非配对类,22,72.73,81.82,9.09,71.11,83.72,12.61
25,Pelagic Cormorant,普通非配对类,30,20.0,50.0,30.0,27.91,45.45,17.55
26,Bronzed Cowbird,普通非配对类,30,76.67,66.67,-10.0,70.77,65.57,-5.2
27,Shiny Cowbird,普通非配对类,30,36.67,23.33,-13.33,32.84,29.79,-3.05
28,Brown Creeper,普通非配对类,29,79.31,79.31,0.0,80.7,83.64,2.93
29,American Crow,普通非配对类,30,30.0,20.0,-10.0,31.58,27.91,-3.67
30,Fish Crow,普通非配对类,30,36.67,46.67,10.0,25.29,32.94,7.65
31,Black billed Cuckoo,普通非配对类,30,13.33,46.67,33.33,22.86,58.33,35.48
32,Mangrove Cuckoo,普通非配对类,23,30.43,39.13,8.7,35.9,38.3,2.4
33,Yellow billed Cuckoo,普通非配对类,29,48.28,58.62,10.34,54.9,59.65,4.75
34,Gray crowned Rosy Finch,普通非配对类,29,65.52,79.31,13.79,77.55,82.14,4.59
35,Purple Finch,普通非配对类,30,83.33,86.67,3.33,72.46,85.25,12.78
36,Northern Flicker,普通非配对类,30,80.0,93.33,13.33,85.71,88.89,3.17
37,Acadian Flycatcher,普通非配对类,29,6.9,31.03,24.14,12.9,37.5,24.6
38,Great Crested Flycatcher,普通非配对类,30,53.33,63.33,10.0,41.56,52.78,11.22
39,Least Flycatcher,普通非配对类,29,3.45,41.38,37.93,6.06,24.74,18.68
40,Olive sided Flycatcher,普通非配对类,30,43.33,50.0,6.67,42.62,50.85,8.22
41,Scissor tailed Flycatcher,普通非配对类,30,66.67,86.67,20.0,66.67,88.14,21.47
42,Vermilion Flycatcher,普通非配对类,30,46.67,50.0,3.33,60.87,65.22,4.35
43,Yellow bellied Flycatcher,普通非配对类,29,58.62,31.03,-27.59,26.77,30.0,3.23
44,Frigatebird,普通非配对类,30,40.0,70.0,30.0,50.0,75.0,25.0
45,Northern Fulmar,普通非配对类,30,46.67,53.33,6.67,60.87,65.31,4.44
46,Gadwall,普通非配对类,30,93.33,93.33,0.0,74.67,72.73,-1.94
47,American Goldfinch,普通非配对类,30,73.33,73.33,0.0,77.19,74.58,-2.62
48,European Goldfinch,普通非配对类,30,86.67,90.0,3.33,72.22,83.08,10.85
49,Boat tailed Grackle,普通非配对类,30,30.0,43.33,13.33,32.73,30.23,-2.49
50,Eared Grebe,普通非配对类,30,73.33,56.67,-16.67,63.77,56.67,-7.1
51,Horned Grebe,普通非配对类,30,33.33,70.0,36.67,46.51,64.62,18.1
52,Pied billed Grebe,普通非配对类,30,86.67,73.33,-13.33,81.25,80.0,-1.25
53,Western Grebe,普通非配对类,30,93.33,83.33,-10.0,93.33,81.97,-11.37
54,Blue Grosbeak,普通非配对类,30,46.67,53.33,6.67,58.33,65.31,6.97
55,Evening Grosbeak,普通非配对类,30,23.33,76.67,53.33,37.84,85.19,47.35
56,Pine Grosbeak,普通非配对类,30,80.0,80.0,0.0,76.19,72.73,-3.46
57,Rose breasted Grosbeak,普通非配对类,30,93.33,90.0,-3.33,94.92,91.53,-3.39
58,Pigeon Guillemot,普通非配对类,28,60.71,71.43,10.71,65.38,71.43,6.04
59,California Gull,自动弱势目标类,30,6.67,30.0,23.33,11.76,33.33,21.57
60,Glaucous winged Gull,普通非配对类,29,27.59,55.17,27.59,32.0,49.23,17.23
61,Heermann Gull,普通非配对类,30,93.33,86.67,-6.67,81.16,81.25,0.09
62,Herring Gull,自动基座类,30,73.33,53.33,-20.0,28.95,45.07,16.12
63,Ivory Gull,普通非配对类,30,80.0,96.67,16.67,87.27,93.55,6.28
64,Ring billed Gull,普通非配对类,30,46.67,26.67,-20.0,44.44,30.19,-14.26
65,Slaty backed Gull,自动弱势目标类,20,0.0,20.0,20.0,0.0,22.22,22.22
66,Western Gull,普通非配对类,30,3.33,40.0,36.67,6.25,43.64,37.39
67,Anna Hummingbird,普通非配对类,30,50.0,53.33,3.33,43.48,45.71,2.24
68,Ruby throated Hummingbird,普通非配对类,30,63.33,56.67,-6.67,50.0,50.75,0.75
69,Rufous Hummingbird,普通非配对类,30,56.67,83.33,26.67,62.96,71.43,8.47
70,Green Violetear,普通非配对类,30,83.33,80.0,-3.33,86.21,82.76,-3.45
71,Long tailed Jaeger,普通非配对类,30,6.67,33.33,26.67,10.81,33.9,23.09
72,Pomarine Jaeger,普通非配对类,30,53.33,33.33,-20.0,35.96,41.67,5.71
73,Blue Jay,普通非配对类,30,70.0,76.67,6.67,66.67,74.19,7.53
74,Florida Jay,自动弱势目标类,30,66.67,83.33,16.67,78.43,84.75,6.31
75,Green Jay,普通非配对类,27,77.78,88.89,11.11,84.0,92.31,8.31
76,Dark eyed Junco,普通非配对类,30,80.0,86.67,6.67,68.57,76.47,7.9
77,Tropical Kingbird,普通非配对类,30,63.33,66.67,3.33,69.09,72.73,3.64
78,Gray Kingbird,普通非配对类,29,37.93,58.62,20.69,43.14,64.15,21.01
79,Belted Kingfisher,普通非配对类,30,46.67,53.33,6.67,63.64,60.38,-3.26
80,Green Kingfisher,普通非配对类,30,46.67,70.0,23.33,54.9,72.41,17.51
81,Pied Kingfisher,普通非配对类,30,76.67,83.33,6.67,77.97,86.21,8.24
82,Ringed Kingfisher,普通非配对类,30,73.33,73.33,0.0,68.75,70.97,2.22
83,White breasted Kingfisher,普通非配对类,30,90.0,90.0,0.0,72.0,93.1,21.1
84,Red legged Kittiwake,普通非配对类,23,47.83,65.22,17.39,57.89,71.43,13.53
85,Horned Lark,普通非配对类,30,96.67,96.67,0.0,84.06,89.23,5.17
86,Pacific Loon,普通非配对类,30,80.0,90.0,10.0,67.61,70.13,2.52
87,Mallard,普通非配对类,30,70.0,73.33,3.33,76.36,74.58,-1.79
88,Western Meadowlark,普通非配对类,30,86.67,93.33,6.67,89.66,88.89,-0.77
89,Hooded Merganser,普通非配对类,30,76.67,76.67,0.0,79.31,85.19,5.87
90,Red breasted Merganser,普通非配对类,30,70.0,70.0,0.0,76.36,77.78,1.41
91,Mockingbird,普通非配对类,30,66.67,63.33,-3.33,46.51,50.67,4.16
92,Nighthawk,普通非配对类,30,83.33,86.67,3.33,56.18,65.82,9.64
93,Clark Nutcracker,普通非配对类,30,76.67,80.0,3.33,70.77,82.76,11.99
94,White breasted Nuthatch,普通非配对类,30,80.0,83.33,3.33,70.59,86.21,15.62
95,Baltimore Oriole,普通非配对类,30,76.67,83.33,6.67,71.88,80.65,8.77
96,Hooded Oriole,普通非配对类,30,30.0,73.33,43.33,42.86,72.13,29.27
97,Orchard Oriole,普通非配对类,29,55.17,58.62,3.45,45.07,59.65,14.58
98,Scott Oriole,普通非配对类,30,60.0,66.67,6.67,63.16,78.43,15.27
99,Ovenbird,普通非配对类,30,63.33,76.67,13.33,71.7,79.31,7.61
100,Brown Pelican,普通非配对类,30,86.67,86.67,0.0,70.27,62.65,-7.62
101,White Pelican,普通非配对类,20,80.0,85.0,5.0,86.49,87.18,0.69
102,Western Wood Pewee,普通非配对类,30,10.0,10.0,0.0,12.77,12.24,-0.52
103,Sayornis,普通非配对类,30,30.0,43.33,13.33,36.0,43.33,7.33
104,American Pipit,普通非配对类,30,60.0,60.0,0.0,65.45,64.29,-1.17
105,Whip poor Will,普通非配对类,19,57.89,57.89,0.0,59.46,62.86,3.4
106,Horned Puffin,普通非配对类,30,66.67,80.0,13.33,75.47,80.0,4.53
107,Common Raven,普通非配对类,30,26.67,46.67,20.0,32.65,45.9,13.25
108,White necked Raven,普通非配对类,30,10.0,30.0,20.0,18.18,45.0,26.82
109,American Redstart,普通非配对类,30,83.33,90.0,6.67,78.12,78.26,0.14
110,Geococcyx,普通非配对类,30,86.67,83.33,-3.33,70.27,81.97,11.7
111,Loggerhead Shrike,普通非配对类,30,53.33,60.0,6.67,56.14,65.45,9.31
112,Great Grey Shrike,普通非配对类,30,50.0,50.0,0.0,60.0,57.69,-2.31
113,Baird Sparrow,普通非配对类,20,55.0,40.0,-15.0,57.89,55.17,-2.72
114,Black throated Sparrow,普通非配对类,30,56.67,76.67,20.0,70.83,69.7,-1.14
115,Brewer Sparrow,普通非配对类,29,48.28,51.72,3.45,52.83,54.55,1.72
116,Chipping Sparrow,普通非配对类,30,30.0,66.67,36.67,41.86,68.97,27.11
117,Clay colored Sparrow,普通非配对类,29,10.34,17.24,6.9,18.75,25.64,6.89
118,House Sparrow,普通非配对类,30,36.67,46.67,10.0,35.48,45.9,10.42
119,Field Sparrow,普通非配对类,29,72.41,68.97,-3.45,43.75,62.5,18.75
120,Fox Sparrow,普通非配对类,30,73.33,53.33,-20.0,55.7,65.31,9.61
121,Grasshopper Sparrow,普通非配对类,30,73.33,73.33,0.0,57.14,58.67,1.52
122,Harris Sparrow,普通非配对类,30,50.0,60.0,10.0,60.0,67.92,7.92
123,Henslow Sparrow,普通非配对类,30,40.0,63.33,23.33,46.15,62.3,16.14
124,Le Conte Sparrow,普通非配对类,29,58.62,65.52,6.9,56.67,67.86,11.19
125,Lincoln Sparrow,普通非配对类,29,51.72,65.52,13.79,57.69,66.67,8.97
126,Nelson Sharp tailed Sparrow,普通非配对类,30,50.0,50.0,0.0,47.62,58.82,11.2
127,Savannah Sparrow,普通非配对类,30,53.33,73.33,20.0,64.0,74.58,10.58
128,Seaside Sparrow,普通非配对类,30,73.33,76.67,3.33,55.0,69.7,14.7
129,Song Sparrow,普通非配对类,30,56.67,66.67,10.0,54.84,66.67,11.83
130,Tree Sparrow,普通非配对类,30,50.0,20.0,-30.0,44.78,31.58,-13.2
131,Vesper Sparrow,普通非配对类,30,60.0,66.67,6.67,59.02,60.61,1.59
132,White crowned Sparrow,普通非配对类,30,76.67,90.0,13.33,80.7,83.08,2.38
133,White throated Sparrow,普通非配对类,30,76.67,83.33,6.67,83.64,83.33,-0.3
134,Cape Glossy Starling,普通非配对类,30,76.67,80.0,3.33,83.64,81.36,-2.28
135,Bank Swallow,普通非配对类,30,43.33,36.67,-6.67,37.14,41.51,4.37
136,Barn Swallow,普通非配对类,30,63.33,70.0,6.67,56.72,67.74,11.03
137,Cliff Swallow,普通非配对类,30,50.0,63.33,13.33,50.0,57.58,7.58
138,Tree Swallow,普通非配对类,30,73.33,70.0,-3.33,72.13,77.78,5.65
139,Scarlet Tanager,普通非配对类,30,80.0,86.67,6.67,57.83,71.23,13.4
140,Summer Tanager,普通非配对类,30,33.33,73.33,40.0,50.0,83.02,33.02
141,Artic Tern,自动基座类,29,86.21,86.21,0.0,64.94,61.73,-3.21
142,Black Tern,普通非配对类,30,13.33,23.33,10.0,23.53,29.79,6.26
143,Caspian Tern,普通非配对类,30,30.0,30.0,0.0,31.58,30.51,-1.07
144,Common Tern,自动弱势目标类,30,13.33,20.0,6.67,20.0,24.49,4.49
145,Elegant Tern,普通非配对类,30,40.0,40.0,0.0,40.68,42.11,1.43
146,Forsters Tern,普通非配对类,30,60.0,36.67,-23.33,48.65,39.29,-9.36
147,Least Tern,普通非配对类,30,66.67,63.33,-3.33,63.49,61.29,-2.2
148,Green tailed Towhee,普通非配对类,30,70.0,86.67,16.67,76.36,81.25,4.89
149,Brown Thrasher,普通非配对类,29,58.62,89.66,31.03,62.96,78.79,15.82
150,Sage Thrasher,普通非配对类,30,90.0,80.0,-10.0,61.36,73.85,12.48
151,Black capped Vireo,普通非配对类,21,80.95,80.95,0.0,73.91,80.95,7.04
152,Blue headed Vireo,普通非配对类,30,80.0,76.67,-3.33,54.55,71.88,17.33
153,Philadelphia Vireo,普通非配对类,29,10.34,41.38,31.03,16.67,42.86,26.19
154,Red eyed Vireo,普通非配对类,30,60.0,63.33,3.33,32.14,43.18,11.04
155,Warbling Vireo,普通非配对类,30,56.67,36.67,-20.0,36.96,37.93,0.97
156,White eyed Vireo,普通非配对类,30,30.0,63.33,33.33,46.15,73.08,26.92
157,Yellow throated Vireo,普通非配对类,29,17.24,34.48,17.24,21.74,44.44,22.71
158,Bay breasted Warbler,普通非配对类,30,73.33,86.67,13.33,60.27,76.47,16.2
159,Black and white Warbler,普通非配对类,30,86.67,83.33,-3.33,76.47,79.37,2.89
160,Black throated Blue Warbler,普通非配对类,29,82.76,72.41,-10.34,78.69,76.36,-2.32
161,Blue winged Warbler,普通非配对类,30,43.33,73.33,30.0,55.32,69.84,14.52
162,Canada Warbler,普通非配对类,30,80.0,80.0,0.0,72.73,73.85,1.12
163,Cape May Warbler,自动基座类,30,90.0,80.0,-10.0,40.3,64.86,24.57
164,Cerulean Warbler,普通非配对类,30,80.0,40.0,-40.0,78.69,57.14,-21.55
165,Chestnut sided Warbler,普通非配对类,30,20.0,60.0,40.0,32.43,73.47,41.04
166,Golden winged Warbler,普通非配对类,29,51.72,75.86,24.14,66.67,80.0,13.33
167,Hooded Warbler,普通非配对类,30,56.67,73.33,16.67,62.96,75.86,12.9
168,Kentucky Warbler,普通非配对类,29,62.07,75.86,13.79,70.59,77.19,6.6
169,Magnolia Warbler,普通非配对类,29,72.41,86.21,13.79,75.0,80.65,5.65
170,Mourning Warbler,普通非配对类,30,33.33,46.67,13.33,48.78,59.57,10.79
171,Myrtle Warbler,普通非配对类,30,46.67,53.33,6.67,53.85,60.38,6.53
172,Nashville Warbler,普通非配对类,30,46.67,66.67,20.0,51.85,60.61,8.75
173,Orange crowned Warbler,普通非配对类,30,33.33,60.0,26.67,37.74,50.7,12.97
174,Palm Warbler,普通非配对类,30,36.67,46.67,10.0,45.83,57.14,11.31
175,Pine Warbler,普通非配对类,30,43.33,60.0,16.67,50.0,65.45,15.45
176,Prairie Warbler,自动弱势目标类,30,3.33,53.33,50.0,6.25,58.18,51.93
177,Prothonotary Warbler,普通非配对类,30,80.0,90.0,10.0,84.21,84.38,0.16
178,Swainson Warbler,普通非配对类,26,57.69,76.92,19.23,57.69,78.43,20.74
179,Tennessee Warbler,普通非配对类,29,17.24,27.59,10.34,21.28,40.0,18.72
180,Wilson Warbler,普通非配对类,30,66.67,80.0,13.33,62.5,82.76,20.26
181,Worm eating Warbler,普通非配对类,29,65.52,82.76,17.24,71.7,78.69,6.99
182,Yellow Warbler,普通非配对类,30,16.67,76.67,60.0,28.57,83.64,55.06
183,Northern Waterthrush,普通非配对类,30,63.33,70.0,6.67,69.09,73.68,4.59
184,Louisiana Waterthrush,普通非配对类,30,83.33,80.0,-3.33,71.43,77.42,5.99
185,Bohemian Waxwing,普通非配对类,30,86.67,86.67,0.0,63.41,68.42,5.01
186,Cedar Waxwing,普通非配对类,30,56.67,60.0,3.33,53.12,60.0,6.87
187,American Three toed Woodpecker,普通非配对类,20,95.0,85.0,-10.0,82.61,87.18,4.57
188,Pileated Woodpecker,普通非配对类,30,50.0,83.33,33.33,66.67,89.29,22.62
189,Red bellied Woodpecker,普通非配对类,30,93.33,100.0,6.67,86.15,82.19,-3.96
190,Red cockaded Woodpecker,普通非配对类,29,79.31,75.86,-3.45,88.46,86.27,-2.19
191,Red headed Woodpecker,普通非配对类,30,70.0,76.67,6.67,80.77,77.97,-2.8
192,Downy Woodpecker,普通非配对类,30,86.67,90.0,3.33,88.14,90.0,1.86
193,Bewick Wren,普通非配对类,30,33.33,43.33,10.0,36.36,54.17,17.8
194,Cactus Wren,普通非配对类,30,56.67,70.0,13.33,69.39,77.78,8.39
195,Carolina Wren,普通非配对类,30,76.67,66.67,-10.0,64.79,65.57,0.79
196,House Wren,普通非配对类,30,23.33,33.33,10.0,29.79,39.22,9.43
197,Marsh Wren,普通非配对类,30,66.67,70.0,3.33,40.0,59.15,19.15
198,Rock Wren,普通非配对类,30,66.67,63.33,-3.33,56.34,73.08,16.74
199,Winter Wren,普通非配对类,30,83.33,86.67,3.33,72.46,75.36,2.9
200,Common Yellowthroat,普通非配对类,30,80.0,86.67,6.67,71.64,75.36,3.72
